model,dice_mean,iou_mean,accuracy
MedSAM,0.9373350356306349,0.8869078670229231,0.9820540501521184
